<!-- Employee.hbm.xml -->
<!DOCTYPE hibernate-mapping PUBLIC "-//Hibernate/Hibernate Mapping DTD 3.0//EN"
    "http://hibernate.sourceforge.net/hibernate-mapping-3.0.dtd">
<hibernate-mapping>
   
    <class name="com.example.model.Employee" table="employee">
        <id name="id" type="java.lang.Long">
            <column name="id" />
            <generator class="identity" />
        </id>
        <property name="name" type="java.lang.String">
            <column name="name" />
        </property>
        <list name="phones" cascade="all" lazy="true">
            <key column="employee_id" />
            <index column="phone_index" />
            <one-to-many class="com.example.model.Phone" />
        </list>
    </class>
</hibernate-mapping>
