<!-- Employee.hbm.xml -->
<!DOCTYPE hibernate-mapping PUBLIC "-//Hibernate/Hibernate Mapping DTD 3.0//EN"
    "http://hibernate.sourceforge.net/hibernate-mapping-3.0.dtd">
<hibernate-mapping>
   
   <class name="com.example.model.Employee" table="employee">
        <!-- Other properties -->
        <id name="id" type="java.lang.Long">
            <column name="id" />
            <generator class="identity" />
        </id>
        <property name="name" type="java.lang.String">
            <column name="name" />
        </property>


        <!-- Component mapping for addresses -->
        <component name="addresses" class="com.example.model.Address">
            <property name="street" type="java.lang.String"/>
            <property name="city" type="java.lang.String"/>
            <property name="zipcode" type="java.lang.String"/>
        </component>
    </class>
</hibernate-mapping>
